Number,Name,Type 1,Type 2,Generation,Catch Rate,ImageFilename
1,Bulbasaur,Grass,Poison,1.0,45,bulbasaur.png
2,Ivysaur,Grass,Poison,1.0,45,ivysaur.png
3,Venusaur,Grass,Poison,1.0,45,venusaur.png
4,Charmander,Fire,,1.0,45,charmander.png
5,Charmeleon,Fire,,1.0,45,charmeleon.png
6,Charizard,Fire,Flying,1.0,45,charizard.png
7,Squirtle,Water,,1.0,45,squirtle.png
8,Wartortle,Water,,1.0,45,wartortle.png
9,Blastoise,Water,,1.0,45,blastoise.png
10,Caterpie,Bug,,1.0,255,caterpie.png
11,Metapod,Bug,,1.0,120,metapod.png
12,Butterfree,Bug,Flying,1.0,45,butterfree.png
13,Weedle,Bug,Poison,1.0,255,weedle.png
14,Kakuna,Bug,Poison,1.0,120,kakuna.png
15,Beedrill,Bug,Poison,1.0,45,beedrill.png
16,Pidgey,Normal,Flying,1.0,255,pidgey.png
17,Pidgeotto,Normal,Flying,1.0,120,pidgeotto.png
18,Pidgeot,Normal,Flying,1.0,45,pidgeot.png
19,Rattata,Normal,,1.0,255,rattata.png
20,Raticate,Normal,,1.0,127,raticate.png
21,Spearow,Normal,Flying,1.0,255,spearow.png
22,Fearow,Normal,Flying,1.0,90,fearow.png
23,Ekans,Poison,,1.0,255,ekans.png
24,Arbok,Poison,,1.0,90,arbok.png
25,Pikachu,Electric,,1.0,190,pikachu.png
26,Raichu,Electric,,1.0,75,raichu.png
27,Sandshrew,Ground,,1.0,255,sandshrew.png
28,Sandslash,Ground,,1.0,90,sandslash.png
30,Nidorina,Poison,,1.0,120,nidorina.png
31,Nidoqueen,Poison,Ground,1.0,45,nidoqueen.png
33,Nidorino,Poison,,1.0,120,nidorino.png
34,Nidoking,Poison,Ground,1.0,45,nidoking.png
35,Clefairy,Fairy,,1.0,150,clefairy.png
36,Clefable,Fairy,,1.0,25,clefable.png
37,Vulpix,Fire,,1.0,190,vulpix.png
38,Ninetales,Fire,,1.0,75,ninetales.png
39,Jigglypuff,Normal,Fairy,1.0,170,jigglypuff.png
40,Wigglytuff,Normal,Fairy,1.0,50,wigglytuff.png
41,Zubat,Poison,Flying,1.0,255,zubat.png
42,Golbat,Poison,Flying,1.0,90,golbat.png
43,Oddish,Grass,Poison,1.0,255,oddish.png
44,Gloom,Grass,Poison,1.0,120,gloom.png
45,Vileplume,Grass,Poison,1.0,45,vileplume.png
46,Paras,Bug,Grass,1.0,190,paras.png
47,Parasect,Bug,Grass,1.0,75,parasect.png
48,Venonat,Bug,Poison,1.0,190,venonat.png
49,Venomoth,Bug,Poison,1.0,75,venomoth.png
50,Diglett,Ground,,1.0,255,diglett.png
51,Dugtrio,Ground,,1.0,50,dugtrio.png
52,Meowth,Normal,,1.0,255,meowth.png
53,Persian,Normal,,1.0,90,persian.png
54,Psyduck,Water,,1.0,190,psyduck.png
55,Golduck,Water,,1.0,75,golduck.png
56,Mankey,Fighting,,1.0,190,mankey.png
57,Primeape,Fighting,,1.0,75,primeape.png
58,Growlithe,Fire,,1.0,190,growlithe.png
59,Arcanine,Fire,,1.0,75,arcanine.png
60,Poliwag,Water,,1.0,255,poliwag.png
61,Poliwhirl,Water,,1.0,120,poliwhirl.png
62,Poliwrath,Water,Fighting,1.0,45,poliwrath.png
63,Abra,Psychic,,1.0,200,abra.png
64,Kadabra,Psychic,,1.0,100,kadabra.png
65,Alakazam,Psychic,,1.0,50,alakazam.png
66,Machop,Fighting,,1.0,180,machop.png
67,Machoke,Fighting,,1.0,90,machoke.png
68,Machamp,Fighting,,1.0,45,machamp.png
69,Bellsprout,Grass,Poison,1.0,255,bellsprout.png
70,Weepinbell,Grass,Poison,1.0,120,weepinbell.png
71,Victreebel,Grass,Poison,1.0,45,victreebel.png
72,Tentacool,Water,Poison,1.0,190,tentacool.png
73,Tentacruel,Water,Poison,1.0,60,tentacruel.png
74,Geodude,Rock,Ground,1.0,255,geodude.png
75,Graveler,Rock,Ground,1.0,120,graveler.png
76,Golem,Rock,Ground,1.0,45,golem.png
77,Ponyta,Fire,,1.0,190,ponyta.png
78,Rapidash,Fire,,1.0,60,rapidash.png
79,Slowpoke,Water,Psychic,1.0,190,slowpoke.png
80,Slowbro,Water,Psychic,1.0,75,slowbro.png
81,Magnemite,Electric,Steel,1.0,190,magnemite.png
82,Magneton,Electric,Steel,1.0,60,magneton.png
83,Farfetch'd,Normal,Flying,1.0,45,farfetchd.png
84,Doduo,Normal,Flying,1.0,190,doduo.png
85,Dodrio,Normal,Flying,1.0,45,dodrio.png
86,Seel,Water,,1.0,190,seel.png
87,Dewgong,Water,Ice,1.0,75,dewgong.png
88,Grimer,Poison,,1.0,190,grimer.png
89,Muk,Poison,,1.0,75,muk.png
90,Shellder,Water,,1.0,190,shellder.png
91,Cloyster,Water,Ice,1.0,60,cloyster.png
92,Gastly,Ghost,Poison,1.0,190,gastly.png
93,Haunter,Ghost,Poison,1.0,90,haunter.png
94,Gengar,Ghost,Poison,1.0,45,gengar.png
95,Onix,Rock,Ground,1.0,45,onix.png
96,Drowzee,Psychic,,1.0,190,drowzee.png
97,Hypno,Psychic,,1.0,75,hypno.png
98,Krabby,Water,,1.0,225,krabby.png
99,Kingler,Water,,1.0,60,kingler.png
100,Voltorb,Electric,,1.0,190,voltorb.png
101,Electrode,Electric,,1.0,60,electrode.png
102,Exeggcute,Grass,Psychic,1.0,90,exeggcute.png
103,Exeggutor,Grass,Psychic,1.0,45,exeggutor.png
104,Cubone,Ground,,1.0,190,cubone.png
105,Marowak,Ground,,1.0,75,marowak.png
106,Hitmonlee,Fighting,,1.0,45,hitmonlee.png
107,Hitmonchan,Fighting,,1.0,45,hitmonchan.png
108,Lickitung,Normal,,1.0,45,lickitung.png
109,Koffing,Poison,,1.0,190,koffing.png
110,Weezing,Poison,,1.0,60,weezing.png
111,Rhyhorn,Ground,Rock,1.0,120,rhyhorn.png
112,Rhydon,Ground,Rock,1.0,60,rhydon.png
113,Chansey,Normal,,1.0,30,chansey.png
114,Tangela,Grass,,1.0,45,tangela.png
115,Kangaskhan,Normal,,1.0,45,kangaskhan.png
116,Horsea,Water,,1.0,225,horsea.png
117,Seadra,Water,,1.0,75,seadra.png
118,Goldeen,Water,,1.0,225,goldeen.png
119,Seaking,Water,,1.0,60,seaking.png
120,Staryu,Water,,1.0,225,staryu.png
121,Starmie,Water,Psychic,1.0,60,starmie.png
122,Mr. Mime,Psychic,Fairy,1.0,45,mrmime.png
123,Scyther,Bug,Flying,1.0,45,scyther.png
124,Jynx,Ice,Psychic,1.0,45,jynx.png
125,Electabuzz,Electric,,1.0,45,electabuzz.png
126,Magmar,Fire,,1.0,45,magmar.png
127,Pinsir,Bug,,1.0,45,pinsir.png
128,Tauros,Normal,,1.0,45,tauros.png
129,Magikarp,Water,,1.0,255,magikarp.png
130,Gyarados,Water,Flying,1.0,45,gyarados.png
131,Lapras,Water,Ice,1.0,45,lapras.png
132,Ditto,Normal,,1.0,35,ditto.png
133,Eevee,Normal,,1.0,45,eevee.png
134,Vaporeon,Water,,1.0,45,vaporeon.png
135,Jolteon,Electric,,1.0,45,jolteon.png
136,Flareon,Fire,,1.0,45,flareon.png
137,Porygon,Normal,,1.0,45,porygon.png
138,Omanyte,Rock,Water,1.0,45,omanyte.png
139,Omastar,Rock,Water,1.0,45,omastar.png
140,Kabuto,Rock,Water,1.0,45,kabuto.png
141,Kabutops,Rock,Water,1.0,45,kabutops.png
142,Aerodactyl,Rock,Flying,1.0,45,aerodactyl.png
143,Snorlax,Normal,,1.0,25,snorlax.png
144,Articuno,Ice,Flying,1.0,3,articuno.png
145,Zapdos,Electric,Flying,1.0,3,zapdos.png
146,Moltres,Fire,Flying,1.0,3,moltres.png
147,Dratini,Dragon,,1.0,45,dratini.png
148,Dragonair,Dragon,,1.0,45,dragonair.png
149,Dragonite,Dragon,Flying,1.0,45,dragonite.png
150,Mewtwo,Psychic,,1.0,3,mewtwo.png
151,Mew,Psychic,,1.0,45,mew.png
152,Chikorita,Grass,,2.0,45,chikorita.png
153,Bayleef,Grass,,2.0,45,bayleef.png
154,Meganium,Grass,,2.0,45,meganium.png
155,Cyndaquil,Fire,,2.0,45,cyndaquil.png
156,Quilava,Fire,,2.0,45,quilava.png
157,Typhlosion,Fire,,2.0,45,typhlosion.png
158,Totodile,Water,,2.0,45,totodile.png
159,Croconaw,Water,,2.0,45,croconaw.png
160,Feraligatr,Water,,2.0,45,feraligatr.png
161,Sentret,Normal,,2.0,255,sentret.png
162,Furret,Normal,,2.0,90,furret.png
163,Hoothoot,Normal,Flying,2.0,255,hoothoot.png
164,Noctowl,Normal,Flying,2.0,90,noctowl.png
165,Ledyba,Bug,Flying,2.0,255,ledyba.png
166,Ledian,Bug,Flying,2.0,90,ledian.png
167,Spinarak,Bug,Poison,2.0,255,spinarak.png
168,Ariados,Bug,Poison,2.0,90,ariados.png
169,Crobat,Poison,Flying,2.0,90,crobat.png
170,Chinchou,Water,Electric,2.0,190,chinchou.png
171,Lanturn,Water,Electric,2.0,75,lanturn.png
172,Pichu,Electric,,2.0,190,pichu.png
173,Cleffa,Fairy,,2.0,150,cleffa.png
174,Igglybuff,Normal,Fairy,2.0,170,igglybuff.png
175,Togepi,Fairy,,2.0,190,togepi.png
176,Togetic,Fairy,Flying,2.0,75,togetic.png
177,Natu,Psychic,Flying,2.0,190,natu.png
178,Xatu,Psychic,Flying,2.0,75,xatu.png
179,Mareep,Electric,,2.0,235,mareep.png
180,Flaaffy,Electric,,2.0,120,flaaffy.png
181,Ampharos,Electric,,2.0,45,ampharos.png
182,Bellossom,Grass,,2.0,45,bellossom.png
183,Marill,Water,Fairy,2.0,190,marill.png
184,Azumarill,Water,Fairy,2.0,75,azumarill.png
185,Sudowoodo,Rock,,2.0,65,sudowoodo.png
186,Politoed,Water,,2.0,45,politoed.png
187,Hoppip,Grass,Flying,2.0,255,hoppip.png
188,Skiploom,Grass,Flying,2.0,120,skiploom.png
189,Jumpluff,Grass,Flying,2.0,45,jumpluff.png
190,Aipom,Normal,,2.0,45,aipom.png
191,Sunkern,Grass,,2.0,235,sunkern.png
192,Sunflora,Grass,,2.0,120,sunflora.png
193,Yanma,Bug,Flying,2.0,75,yanma.png
194,Wooper,Water,Ground,2.0,255,wooper.png
195,Quagsire,Water,Ground,2.0,90,quagsire.png
196,Espeon,Psychic,,2.0,45,espeon.png
197,Umbreon,Dark,,2.0,45,umbreon.png
198,Murkrow,Dark,Flying,2.0,30,murkrow.png
199,Slowking,Water,Psychic,2.0,70,slowking.png
200,Misdreavus,Ghost,,2.0,45,misdreavus.png
201,Unown,Psychic,,2.0,225,unown.png
202,Wobbuffet,Psychic,,2.0,45,wobbuffet.png
203,Girafarig,Normal,Psychic,2.0,60,girafarig.png
204,Pineco,Bug,,2.0,190,pineco.png
205,Forretress,Bug,Steel,2.0,75,forretress.png
206,Dunsparce,Normal,,2.0,190,dunsparce.png
207,Gligar,Ground,Flying,2.0,60,gligar.png
208,Steelix,Steel,Ground,2.0,25,steelix.png
209,Snubbull,Fairy,,2.0,190,snubbull.png
210,Granbull,Fairy,,2.0,75,granbull.png
211,Qwilfish,Water,Poison,2.0,45,qwilfish.png
212,Scizor,Bug,Steel,2.0,25,scizor.png
213,Shuckle,Bug,Rock,2.0,190,shuckle.png
214,Heracross,Bug,Fighting,2.0,45,heracross.png
215,Sneasel,Dark,Ice,2.0,60,sneasel.png
216,Teddiursa,Normal,,2.0,120,teddiursa.png
217,Ursaring,Normal,,2.0,60,ursaring.png
218,Slugma,Fire,,2.0,190,slugma.png
219,Magcargo,Fire,Rock,2.0,75,magcargo.png
220,Swinub,Ice,Ground,2.0,225,swinub.png
221,Piloswine,Ice,Ground,2.0,75,piloswine.png
222,Corsola,Water,Rock,2.0,60,corsola.png
223,Remoraid,Water,,2.0,190,remoraid.png
224,Octillery,Water,,2.0,75,octillery.png
225,Delibird,Ice,Flying,2.0,45,delibird.png
226,Mantine,Water,Flying,2.0,25,mantine.png
227,Skarmory,Steel,Flying,2.0,25,skarmory.png
228,Houndour,Dark,Fire,2.0,120,houndour.png
229,Houndoom,Dark,Fire,2.0,45,houndoom.png
230,Kingdra,Water,Dragon,2.0,45,kingdra.png
231,Phanpy,Ground,,2.0,120,phanpy.png
232,Donphan,Ground,,2.0,60,donphan.png
233,Porygon2,Normal,,2.0,45,porygon2.png
234,Stantler,Normal,,2.0,45,stantler.png
235,Smeargle,Normal,,2.0,45,smeargle.png
236,Tyrogue,Fighting,,2.0,75,tyrogue.png
237,Hitmontop,Fighting,,2.0,45,hitmontop.png
238,Smoochum,Ice,Psychic,2.0,45,smoochum.png
239,Elekid,Electric,,2.0,45,elekid.png
240,Magby,Fire,,2.0,45,magby.png
241,Miltank,Normal,,2.0,45,miltank.png
242,Blissey,Normal,,2.0,30,blissey.png
243,Raikou,Electric,,2.0,3,raikou.png
244,Entei,Fire,,2.0,3,entei.png
245,Suicune,Water,,2.0,3,suicune.png
246,Larvitar,Rock,Ground,2.0,45,larvitar.png
247,Pupitar,Rock,Ground,2.0,45,pupitar.png
248,Tyranitar,Rock,Dark,2.0,45,tyranitar.png
249,Lugia,Psychic,Flying,2.0,3,lugia.png
250,Ho-Oh,Fire,Flying,2.0,3,hooh.png
251,Celebi,Psychic,Grass,2.0,45,celebi.png
252,Treecko,Grass,,3.0,45,treecko.png
253,Grovyle,Grass,,3.0,45,grovyle.png
254,Sceptile,Grass,,3.0,45,sceptile.png
255,Torchic,Fire,,3.0,45,torchic.png
256,Combusken,Fire,Fighting,3.0,45,combusken.png
257,Blaziken,Fire,Fighting,3.0,45,blaziken.png
258,Mudkip,Water,,3.0,45,mudkip.png
259,Marshtomp,Water,Ground,3.0,45,marshtomp.png
260,Swampert,Water,Ground,3.0,45,swampert.png
261,Poochyena,Dark,,3.0,255,poochyena.png
262,Mightyena,Dark,,3.0,127,mightyena.png
263,Zigzagoon,Normal,,3.0,255,zigzagoon.png
264,Linoone,Normal,,3.0,90,linoone.png
265,Wurmple,Bug,,3.0,255,wurmple.png
266,Silcoon,Bug,,3.0,120,silcoon.png
267,Beautifly,Bug,Flying,3.0,45,beautifly.png
268,Cascoon,Bug,,3.0,120,cascoon.png
269,Dustox,Bug,Poison,3.0,45,dustox.png
270,Lotad,Water,Grass,3.0,255,lotad.png
271,Lombre,Water,Grass,3.0,120,lombre.png
272,Ludicolo,Water,Grass,3.0,45,ludicolo.png
273,Seedot,Grass,,3.0,255,seedot.png
274,Nuzleaf,Grass,Dark,3.0,120,nuzleaf.png
275,Shiftry,Grass,Dark,3.0,45,shiftry.png
276,Taillow,Normal,Flying,3.0,200,taillow.png
277,Swellow,Normal,Flying,3.0,45,swellow.png
278,Wingull,Water,Flying,3.0,190,wingull.png
279,Pelipper,Water,Flying,3.0,45,pelipper.png
280,Ralts,Psychic,Fairy,3.0,235,ralts.png
281,Kirlia,Psychic,Fairy,3.0,120,kirlia.png
282,Gardevoir,Psychic,Fairy,3.0,45,gardevoir.png
283,Surskit,Bug,Water,3.0,200,surskit.png
284,Masquerain,Bug,Flying,3.0,75,masquerain.png
285,Shroomish,Grass,,3.0,255,shroomish.png
286,Breloom,Grass,Fighting,3.0,90,breloom.png
287,Slakoth,Normal,,3.0,255,slakoth.png
288,Vigoroth,Normal,,3.0,120,vigoroth.png
289,Slaking,Normal,,3.0,45,slaking.png
290,Nincada,Bug,Ground,3.0,255,nincada.png
291,Ninjask,Bug,Flying,3.0,120,ninjask.png
292,Shedinja,Bug,Ghost,3.0,45,shedinja.png
293,Whismur,Normal,,3.0,190,whismur.png
294,Loudred,Normal,,3.0,120,loudred.png
295,Exploud,Normal,,3.0,45,exploud.png
296,Makuhita,Fighting,,3.0,180,makuhita.png
297,Hariyama,Fighting,,3.0,200,hariyama.png
298,Azurill,Normal,Fairy,3.0,150,azurill.png
299,Nosepass,Rock,,3.0,255,nosepass.png
300,Skitty,Normal,,3.0,255,skitty.png
301,Delcatty,Normal,,3.0,60,delcatty.png
302,Sableye,Dark,Ghost,3.0,45,sableye.png
303,Mawile,Steel,Fairy,3.0,45,mawile.png
304,Aron,Steel,Rock,3.0,180,aron.png
305,Lairon,Steel,Rock,3.0,90,lairon.png
306,Aggron,Steel,Rock,3.0,45,aggron.png
307,Meditite,Fighting,Psychic,3.0,180,meditite.png
308,Medicham,Fighting,Psychic,3.0,90,medicham.png
309,Electrike,Electric,,3.0,120,electrike.png
310,Manectric,Electric,,3.0,45,manectric.png
311,Plusle,Electric,,3.0,200,plusle.png
312,Minun,Electric,,3.0,200,minun.png
313,Volbeat,Bug,,3.0,150,volbeat.png
314,Illumise,Bug,,3.0,150,illumise.png
315,Roselia,Grass,Poison,3.0,150,roselia.png
316,Gulpin,Poison,,3.0,225,gulpin.png
317,Swalot,Poison,,3.0,75,swalot.png
318,Carvanha,Water,Dark,3.0,225,carvanha.png
319,Sharpedo,Water,Dark,3.0,60,sharpedo.png
320,Wailmer,Water,,3.0,125,wailmer.png
321,Wailord,Water,,3.0,60,wailord.png
322,Numel,Fire,Ground,3.0,255,numel.png
323,Camerupt,Fire,Ground,3.0,150,camerupt.png
324,Torkoal,Fire,,3.0,90,torkoal.png
325,Spoink,Psychic,,3.0,255,spoink.png
326,Grumpig,Psychic,,3.0,60,grumpig.png
327,Spinda,Normal,,3.0,255,spinda.png
328,Trapinch,Ground,,3.0,255,trapinch.png
329,Vibrava,Ground,Dragon,3.0,120,vibrava.png
330,Flygon,Ground,Dragon,3.0,45,flygon.png
331,Cacnea,Grass,,3.0,190,cacnea.png
332,Cacturne,Grass,Dark,3.0,60,cacturne.png
333,Swablu,Normal,Flying,3.0,255,swablu.png
334,Altaria,Dragon,Flying,3.0,45,altaria.png
335,Zangoose,Normal,,3.0,90,zangoose.png
336,Seviper,Poison,,3.0,90,seviper.png
337,Lunatone,Rock,Psychic,3.0,45,lunatone.png
338,Solrock,Rock,Psychic,3.0,45,solrock.png
339,Barboach,Water,Ground,3.0,190,barboach.png
340,Whiscash,Water,Ground,3.0,75,whiscash.png
341,Corphish,Water,,3.0,205,corphish.png
342,Crawdaunt,Water,Dark,3.0,155,crawdaunt.png
343,Baltoy,Ground,Psychic,3.0,255,baltoy.png
344,Claydol,Ground,Psychic,3.0,90,claydol.png
345,Lileep,Rock,Grass,3.0,45,lileep.png
346,Cradily,Rock,Grass,3.0,45,cradily.png
347,Anorith,Rock,Bug,3.0,45,anorith.png
348,Armaldo,Rock,Bug,3.0,45,armaldo.png
349,Feebas,Water,,3.0,255,feebas.png
350,Milotic,Water,,3.0,60,milotic.png
351,Castform,Normal,,3.0,45,castform.png
352,Kecleon,Normal,,3.0,200,kecleon.png
353,Shuppet,Ghost,,3.0,225,shuppet.png
354,Banette,Ghost,,3.0,45,banette.png
355,Duskull,Ghost,,3.0,190,duskull.png
356,Dusclops,Ghost,,3.0,90,dusclops.png
357,Tropius,Grass,Flying,3.0,200,tropius.png
358,Chimecho,Psychic,,3.0,45,chimecho.png
359,Absol,Dark,,3.0,30,absol.png
360,Wynaut,Psychic,,3.0,125,wynaut.png
361,Snorunt,Ice,,3.0,190,snorunt.png
362,Glalie,Ice,,3.0,75,glalie.png
363,Spheal,Ice,Water,3.0,255,spheal.png
364,Sealeo,Ice,Water,3.0,120,sealeo.png
365,Walrein,Ice,Water,3.0,45,walrein.png
366,Clamperl,Water,,3.0,255,clamperl.png
367,Huntail,Water,,3.0,60,huntail.png
368,Gorebyss,Water,,3.0,60,gorebyss.png
369,Relicanth,Water,Rock,3.0,25,relicanth.png
370,Luvdisc,Water,,3.0,225,luvdisc.png
371,Bagon,Dragon,,3.0,45,bagon.png
372,Shelgon,Dragon,,3.0,45,shelgon.png
373,Salamence,Dragon,Flying,3.0,45,salamence.png
374,Beldum,Steel,Psychic,3.0,3,beldum.png
375,Metang,Steel,Psychic,3.0,3,metang.png
376,Metagross,Steel,Psychic,3.0,3,metagross.png
377,Regirock,Rock,,3.0,3,regirock.png
378,Regice,Ice,,3.0,3,regice.png
379,Registeel,Steel,,3.0,3,registeel.png
380,Latias,Dragon,Psychic,3.0,3,latias.png
381,Latios,Dragon,Psychic,3.0,3,latios.png
382,Kyogre,Water,,3.0,3,kyogre.png
383,Groudon,Ground,,3.0,3,groudon.png
384,Rayquaza,Dragon,Flying,3.0,45,rayquaza.png
385,Jirachi,Steel,Psychic,3.0,3,jirachi.png
387,Turtwig,Grass,,4.0,45,turtwig.png
388,Grotle,Grass,,4.0,45,grotle.png
389,Torterra,Grass,Ground,4.0,45,torterra.png
390,Chimchar,Fire,,4.0,45,chimchar.png
391,Monferno,Fire,Fighting,4.0,45,monferno.png
392,Infernape,Fire,Fighting,4.0,45,infernape.png
393,Piplup,Water,,4.0,45,piplup.png
394,Prinplup,Water,,4.0,45,prinplup.png
395,Empoleon,Water,Steel,4.0,45,empoleon.png
396,Starly,Normal,Flying,4.0,255,starly.png
397,Staravia,Normal,Flying,4.0,120,staravia.png
398,Staraptor,Normal,Flying,4.0,45,staraptor.png
399,Bidoof,Normal,,4.0,255,bidoof.png
400,Bibarel,Normal,Water,4.0,127,bibarel.png
401,Kricketot,Bug,,4.0,255,kricketot.png
402,Kricketune,Bug,,4.0,45,kricketune.png
403,Shinx,Electric,,4.0,235,shinx.png
404,Luxio,Electric,,4.0,120,luxio.png
405,Luxray,Electric,,4.0,45,luxray.png
406,Budew,Grass,Poison,4.0,255,budew.png
407,Roserade,Grass,Poison,4.0,75,roserade.png
408,Cranidos,Rock,,4.0,45,cranidos.png
409,Rampardos,Rock,,4.0,45,rampardos.png
410,Shieldon,Rock,Steel,4.0,45,shieldon.png
411,Bastiodon,Rock,Steel,4.0,45,bastiodon.png
412,Burmy,Bug,,4.0,120,burmy.png
414,Mothim,Bug,Flying,4.0,45,mothim.png
415,Combee,Bug,Flying,4.0,120,combee.png
416,Vespiquen,Bug,Flying,4.0,45,vespiquen.png
417,Pachirisu,Electric,,4.0,200,pachirisu.png
418,Buizel,Water,,4.0,190,buizel.png
419,Floatzel,Water,,4.0,75,floatzel.png
420,Cherubi,Grass,,4.0,190,cherubi.png
421,Cherrim,Grass,,4.0,75,cherrim.png
422,Shellos,Water,,4.0,190,shellos.png
423,Gastrodon,Water,Ground,4.0,75,gastrodon.png
424,Ambipom,Normal,,4.0,45,ambipom.png
425,Drifloon,Ghost,Flying,4.0,125,drifloon.png
426,Drifblim,Ghost,Flying,4.0,60,drifblim.png
427,Buneary,Normal,,4.0,190,buneary.png
428,Lopunny,Normal,,4.0,60,lopunny.png
429,Mismagius,Ghost,,4.0,45,mismagius.png
430,Honchkrow,Dark,Flying,4.0,30,honchkrow.png
431,Glameow,Normal,,4.0,190,glameow.png
432,Purugly,Normal,,4.0,75,purugly.png
433,Chingling,Psychic,,4.0,120,chingling.png
434,Stunky,Poison,Dark,4.0,225,stunky.png
435,Skuntank,Poison,Dark,4.0,60,skuntank.png
436,Bronzor,Steel,Psychic,4.0,255,bronzor.png
437,Bronzong,Steel,Psychic,4.0,90,bronzong.png
438,Bonsly,Rock,,4.0,255,bonsly.png
439,Mime Jr.,Psychic,Fairy,4.0,145,mimejr.png
440,Happiny,Normal,,4.0,130,happiny.png
441,Chatot,Normal,Flying,4.0,30,chatot.png
442,Spiritomb,Ghost,Dark,4.0,100,spiritomb.png
443,Gible,Dragon,Ground,4.0,45,gible.png
444,Gabite,Dragon,Ground,4.0,45,gabite.png
445,Garchomp,Dragon,Ground,4.0,45,garchomp.png
446,Munchlax,Normal,,4.0,50,munchlax.png
447,Riolu,Fighting,,4.0,75,riolu.png
448,Lucario,Fighting,Steel,4.0,45,lucario.png
449,Hippopotas,Ground,,4.0,140,hippopotas.png
450,Hippowdon,Ground,,4.0,60,hippowdon.png
451,Skorupi,Poison,Bug,4.0,120,skorupi.png
452,Drapion,Poison,Dark,4.0,45,drapion.png
453,Croagunk,Poison,Fighting,4.0,140,croagunk.png
454,Toxicroak,Poison,Fighting,4.0,75,toxicroak.png
455,Carnivine,Grass,,4.0,200,carnivine.png
456,Finneon,Water,,4.0,190,finneon.png
457,Lumineon,Water,,4.0,75,lumineon.png
458,Mantyke,Water,Flying,4.0,25,mantyke.png
459,Snover,Grass,Ice,4.0,120,snover.png
460,Abomasnow,Grass,Ice,4.0,60,abomasnow.png
461,Weavile,Dark,Ice,4.0,45,weavile.png
462,Magnezone,Electric,Steel,4.0,30,magnezone.png
463,Lickilicky,Normal,,4.0,30,lickilicky.png
464,Rhyperior,Ground,Rock,4.0,30,rhyperior.png
465,Tangrowth,Grass,,4.0,30,tangrowth.png
466,Electivire,Electric,,4.0,30,electivire.png
467,Magmortar,Fire,,4.0,30,magmortar.png
468,Togekiss,Fairy,Flying,4.0,30,togekiss.png
469,Yanmega,Bug,Flying,4.0,30,yanmega.png
470,Leafeon,Grass,,4.0,45,leafeon.png
471,Glaceon,Ice,,4.0,45,glaceon.png
472,Gliscor,Ground,Flying,4.0,30,gliscor.png
473,Mamoswine,Ice,Ground,4.0,50,mamoswine.png
474,Porygon-Z,Normal,,4.0,30,porygonz.png
475,Gallade,Psychic,Fighting,4.0,45,gallade.png
476,Probopass,Rock,Steel,4.0,60,probopass.png
477,Dusknoir,Ghost,,4.0,45,dusknoir.png
478,Froslass,Ice,Ghost,4.0,75,froslass.png
479,Rotom,Electric,Ghost,4.0,45,rotom.png
480,Uxie,Psychic,,4.0,3,uxie.png
481,Mesprit,Psychic,,4.0,3,mesprit.png
482,Azelf,Psychic,,4.0,3,azelf.png
483,Dialga,Steel,Dragon,4.0,3,dialga.png
484,Palkia,Water,Dragon,4.0,3,palkia.png
485,Heatran,Fire,Steel,4.0,3,heatran.png
486,Regigigas,Normal,,4.0,3,regigigas.png
488,Cresselia,Psychic,,4.0,3,cresselia.png
489,Phione,Water,,4.0,30,phione.png
490,Manaphy,Water,,4.0,3,manaphy.png
491,Darkrai,Dark,,4.0,3,darkrai.png
493,Arceus,Normal,,4.0,3,arceus.png
494,Victini,Psychic,Fire,5.0,3,victini.png
495,Snivy,Grass,,5.0,45,snivy.png
496,Servine,Grass,,5.0,45,servine.png
497,Serperior,Grass,,5.0,45,serperior.png
498,Tepig,Fire,,5.0,45,tepig.png
499,Pignite,Fire,Fighting,5.0,45,pignite.png
500,Emboar,Fire,Fighting,5.0,45,emboar.png
501,Oshawott,Water,,5.0,45,oshawott.png
502,Dewott,Water,,5.0,45,dewott.png
503,Samurott,Water,,5.0,45,samurott.png
504,Patrat,Normal,,5.0,255,patrat.png
505,Watchog,Normal,,5.0,255,watchog.png
506,Lillipup,Normal,,5.0,255,lillipup.png
507,Herdier,Normal,,5.0,120,herdier.png
508,Stoutland,Normal,,5.0,45,stoutland.png
509,Purrloin,Dark,,5.0,255,purrloin.png
510,Liepard,Dark,,5.0,90,liepard.png
511,Pansage,Grass,,5.0,190,pansage.png
512,Simisage,Grass,,5.0,75,simisage.png
513,Pansear,Fire,,5.0,190,pansear.png
514,Simisear,Fire,,5.0,75,simisear.png
515,Panpour,Water,,5.0,190,panpour.png
516,Simipour,Water,,5.0,75,simipour.png
517,Munna,Psychic,,5.0,190,munna.png
518,Musharna,Psychic,,5.0,75,musharna.png
519,Pidove,Normal,Flying,5.0,255,pidove.png
520,Tranquill,Normal,Flying,5.0,120,tranquill.png
521,Unfezant,Normal,Flying,5.0,45,unfezant.png
522,Blitzle,Electric,,5.0,190,blitzle.png
523,Zebstrika,Electric,,5.0,75,zebstrika.png
524,Roggenrola,Rock,,5.0,255,roggenrola.png
525,Boldore,Rock,,5.0,120,boldore.png
526,Gigalith,Rock,,5.0,45,gigalith.png
527,Woobat,Psychic,Flying,5.0,190,woobat.png
528,Swoobat,Psychic,Flying,5.0,45,swoobat.png
529,Drilbur,Ground,,5.0,120,drilbur.png
530,Excadrill,Ground,Steel,5.0,60,excadrill.png
531,Audino,Normal,,5.0,255,audino.png
532,Timburr,Fighting,,5.0,180,timburr.png
533,Gurdurr,Fighting,,5.0,90,gurdurr.png
534,Conkeldurr,Fighting,,5.0,45,conkeldurr.png
535,Tympole,Water,,5.0,255,tympole.png
536,Palpitoad,Water,Ground,5.0,120,palpitoad.png
537,Seismitoad,Water,Ground,5.0,45,seismitoad.png
538,Throh,Fighting,,5.0,45,throh.png
539,Sawk,Fighting,,5.0,45,sawk.png
540,Sewaddle,Bug,Grass,5.0,255,sewaddle.png
541,Swadloon,Bug,Grass,5.0,120,swadloon.png
542,Leavanny,Bug,Grass,5.0,45,leavanny.png
543,Venipede,Bug,Poison,5.0,255,venipede.png
544,Whirlipede,Bug,Poison,5.0,120,whirlipede.png
545,Scolipede,Bug,Poison,5.0,45,scolipede.png
546,Cottonee,Grass,Fairy,5.0,190,cottonee.png
547,Whimsicott,Grass,Fairy,5.0,75,whimsicott.png
548,Petilil,Grass,,5.0,190,petilil.png
549,Lilligant,Grass,,5.0,75,lilligant.png
551,Sandile,Ground,Dark,5.0,180,sandile.png
552,Krokorok,Ground,Dark,5.0,90,krokorok.png
553,Krookodile,Ground,Dark,5.0,45,krookodile.png
554,Darumaka,Fire,,5.0,120,darumaka.png
556,Maractus,Grass,,5.0,255,maractus.png
557,Dwebble,Bug,Rock,5.0,190,dwebble.png
558,Crustle,Bug,Rock,5.0,75,crustle.png
559,Scraggy,Dark,Fighting,5.0,180,scraggy.png
560,Scrafty,Dark,Fighting,5.0,90,scrafty.png
561,Sigilyph,Psychic,Flying,5.0,45,sigilyph.png
562,Yamask,Ghost,,5.0,190,yamask.png
563,Cofagrigus,Ghost,,5.0,90,cofagrigus.png
564,Tirtouga,Water,Rock,5.0,45,tirtouga.png
565,Carracosta,Water,Rock,5.0,45,carracosta.png
566,Archen,Rock,Flying,5.0,45,archen.png
567,Archeops,Rock,Flying,5.0,45,archeops.png
568,Trubbish,Poison,,5.0,190,trubbish.png
569,Garbodor,Poison,,5.0,60,garbodor.png
570,Zorua,Dark,,5.0,75,zorua.png
571,Zoroark,Dark,,5.0,45,zoroark.png
572,Minccino,Normal,,5.0,255,minccino.png
573,Cinccino,Normal,,5.0,60,cinccino.png
574,Gothita,Psychic,,5.0,200,gothita.png
575,Gothorita,Psychic,,5.0,100,gothorita.png
576,Gothitelle,Psychic,,5.0,50,gothitelle.png
577,Solosis,Psychic,,5.0,200,solosis.png
578,Duosion,Psychic,,5.0,100,duosion.png
579,Reuniclus,Psychic,,5.0,50,reuniclus.png
580,Ducklett,Water,Flying,5.0,190,ducklett.png
581,Swanna,Water,Flying,5.0,45,swanna.png
582,Vanillite,Ice,,5.0,255,vanillite.png
583,Vanillish,Ice,,5.0,120,vanillish.png
584,Vanilluxe,Ice,,5.0,45,vanilluxe.png
585,Deerling,Normal,Grass,5.0,190,deerling.png
586,Sawsbuck,Normal,Grass,5.0,75,sawsbuck.png
587,Emolga,Electric,Flying,5.0,200,emolga.png
588,Karrablast,Bug,,5.0,200,karrablast.png
589,Escavalier,Bug,Steel,5.0,75,escavalier.png
590,Foongus,Grass,Poison,5.0,190,foongus.png
591,Amoonguss,Grass,Poison,5.0,75,amoonguss.png
592,Frillish,Water,Ghost,5.0,190,frillish.png
593,Jellicent,Water,Ghost,5.0,60,jellicent.png
594,Alomomola,Water,,5.0,75,alomomola.png
595,Joltik,Bug,Electric,5.0,190,joltik.png
596,Galvantula,Bug,Electric,5.0,75,galvantula.png
597,Ferroseed,Grass,Steel,5.0,255,ferroseed.png
598,Ferrothorn,Grass,Steel,5.0,90,ferrothorn.png
599,Klink,Steel,,5.0,130,klink.png
600,Klang,Steel,,5.0,60,klang.png
601,Klinklang,Steel,,5.0,30,klinklang.png
602,Tynamo,Electric,,5.0,190,tynamo.png
603,Eelektrik,Electric,,5.0,60,eelektrik.png
604,Eelektross,Electric,,5.0,30,eelektross.png
605,Elgyem,Psychic,,5.0,255,elgyem.png
606,Beheeyem,Psychic,,5.0,90,beheeyem.png
607,Litwick,Ghost,Fire,5.0,190,litwick.png
608,Lampent,Ghost,Fire,5.0,90,lampent.png
609,Chandelure,Ghost,Fire,5.0,45,chandelure.png
610,Axew,Dragon,,5.0,75,axew.png
611,Fraxure,Dragon,,5.0,60,fraxure.png
612,Haxorus,Dragon,,5.0,45,haxorus.png
613,Cubchoo,Ice,,5.0,120,cubchoo.png
614,Beartic,Ice,,5.0,60,beartic.png
615,Cryogonal,Ice,,5.0,25,cryogonal.png
616,Shelmet,Bug,,5.0,200,shelmet.png
617,Accelgor,Bug,,5.0,75,accelgor.png
618,Stunfisk,Ground,Electric,5.0,75,stunfisk.png
619,Mienfoo,Fighting,,5.0,180,mienfoo.png
620,Mienshao,Fighting,,5.0,45,mienshao.png
621,Druddigon,Dragon,,5.0,45,druddigon.png
622,Golett,Ground,Ghost,5.0,190,golett.png
623,Golurk,Ground,Ghost,5.0,90,golurk.png
624,Pawniard,Dark,Steel,5.0,120,pawniard.png
625,Bisharp,Dark,Steel,5.0,45,bisharp.png
626,Bouffalant,Normal,,5.0,45,bouffalant.png
627,Rufflet,Normal,Flying,5.0,190,rufflet.png
628,Braviary,Normal,Flying,5.0,60,braviary.png
629,Vullaby,Dark,Flying,5.0,190,vullaby.png
630,Mandibuzz,Dark,Flying,5.0,60,mandibuzz.png
631,Heatmor,Fire,,5.0,90,heatmor.png
632,Durant,Bug,Steel,5.0,90,durant.png
633,Deino,Dark,Dragon,5.0,45,deino.png
634,Zweilous,Dark,Dragon,5.0,45,zweilous.png
635,Hydreigon,Dark,Dragon,5.0,45,hydreigon.png
636,Larvesta,Bug,Fire,5.0,45,larvesta.png
637,Volcarona,Bug,Fire,5.0,15,volcarona.png
638,Cobalion,Steel,Fighting,5.0,3,cobalion.png
639,Terrakion,Rock,Fighting,5.0,3,terrakion.png
640,Virizion,Grass,Fighting,5.0,3,virizion.png
643,Reshiram,Dragon,Fire,5.0,3,reshiram.png
644,Zekrom,Dragon,Electric,5.0,3,zekrom.png
646,Kyurem,Dragon,Ice,5.0,3,kyurem.png
649,Genesect,Bug,Steel,5.0,3,genesect.png
650,Chespin,Grass,,6.0,45,chespin.png
651,Quilladin,Grass,,6.0,45,quilladin.png
652,Chesnaught,Grass,Fighting,6.0,45,chesnaught.png
653,Fennekin,Fire,,6.0,45,fennekin.png
654,Braixen,Fire,,6.0,45,braixen.png
655,Delphox,Fire,Psychic,6.0,45,delphox.png
656,Froakie,Water,,6.0,45,froakie.png
657,Frogadier,Water,,6.0,45,frogadier.png
658,Greninja,Water,Dark,6.0,45,greninja.png
659,Bunnelby,Normal,,6.0,255,bunnelby.png
660,Diggersby,Normal,Ground,6.0,127,diggersby.png
661,Fletchling,Normal,Flying,6.0,255,fletchling.png
662,Fletchinder,Fire,Flying,6.0,120,fletchinder.png
663,Talonflame,Fire,Flying,6.0,45,talonflame.png
664,Scatterbug,Bug,,6.0,255,scatterbug.png
665,Spewpa,Bug,,6.0,120,spewpa.png
666,Vivillon,Bug,Flying,6.0,45,vivillon.png
667,Litleo,Fire,Normal,6.0,220,litleo.png
668,Pyroar,Fire,Normal,6.0,65,pyroar.png
670,Floette,Fairy,,6.0,120,floette.png
671,Florges,Fairy,,6.0,45,florges.png
672,Skiddo,Grass,,6.0,200,skiddo.png
673,Gogoat,Grass,,6.0,45,gogoat.png
674,Pancham,Fighting,,6.0,220,pancham.png
675,Pangoro,Fighting,Dark,6.0,65,pangoro.png
676,Furfrou,Normal,,6.0,160,furfrou.png
677,Espurr,Psychic,,6.0,190,espurr.png
679,Honedge,Steel,Ghost,6.0,180,honedge.png
680,Doublade,Steel,Ghost,6.0,90,doublade.png
682,Spritzee,Fairy,,6.0,200,spritzee.png
683,Aromatisse,Fairy,,6.0,140,aromatisse.png
684,Swirlix,Fairy,,6.0,200,swirlix.png
685,Slurpuff,Fairy,,6.0,140,slurpuff.png
686,Inkay,Dark,Psychic,6.0,190,inkay.png
687,Malamar,Dark,Psychic,6.0,80,malamar.png
688,Binacle,Rock,Water,6.0,120,binacle.png
689,Barbaracle,Rock,Water,6.0,45,barbaracle.png
690,Skrelp,Poison,Water,6.0,225,skrelp.png
691,Dragalge,Poison,Dragon,6.0,55,dragalge.png
692,Clauncher,Water,,6.0,225,clauncher.png
693,Clawitzer,Water,,6.0,55,clawitzer.png
694,Helioptile,Electric,Normal,6.0,190,helioptile.png
695,Heliolisk,Electric,Normal,6.0,75,heliolisk.png
696,Tyrunt,Rock,Dragon,6.0,45,tyrunt.png
697,Tyrantrum,Rock,Dragon,6.0,45,tyrantrum.png
698,Amaura,Rock,Ice,6.0,45,amaura.png
699,Aurorus,Rock,Ice,6.0,45,aurorus.png
700,Sylveon,Fairy,,6.0,45,sylveon.png
701,Hawlucha,Fighting,Flying,6.0,100,hawlucha.png
702,Dedenne,Electric,Fairy,6.0,180,dedenne.png
703,Carbink,Rock,Fairy,6.0,60,carbink.png
704,Goomy,Dragon,,6.0,45,goomy.png
705,Sliggoo,Dragon,,6.0,45,sliggoo.png
706,Goodra,Dragon,,6.0,45,goodra.png
707,Klefki,Steel,Fairy,6.0,75,klefki.png
708,Phantump,Ghost,Grass,6.0,120,phantump.png
709,Trevenant,Ghost,Grass,6.0,60,trevenant.png
712,Bergmite,Ice,,6.0,190,bergmite.png
713,Avalugg,Ice,,6.0,55,avalugg.png
714,Noibat,Flying,Dragon,6.0,190,noibat.png
715,Noivern,Flying,Dragon,6.0,45,noivern.png
716,Xerneas,Fairy,,6.0,45,xerneas.png
717,Yveltal,Dark,Flying,6.0,45,yveltal.png
719,Diancie,Rock,Fairy,6.0,3,diancie.png
721,Volcanion,Fire,Water,6.0,3,volcanion.png
722,Rowlet,Grass,Flying,7.0,45,rowlet.png
723,Dartrix,Grass,Flying,7.0,45,dartrix.png
724,Decidueye,Grass,Ghost,7.0,45,decidueye.png
725,Litten,Fire,,7.0,45,litten.png
726,Torracat,Fire,,7.0,45,torracat.png
727,Incineroar,Fire,Dark,7.0,45,incineroar.png
728,Popplio,Water,,7.0,45,popplio.png
729,Brionne,Water,,7.0,45,brionne.png
730,Primarina,Water,Fairy,7.0,45,primarina.png
731,Pikipek,Normal,Flying,7.0,255,pikipek.png
732,Trumbeak,Normal,Flying,7.0,120,trumbeak.png
733,Toucannon,Normal,Flying,7.0,45,toucannon.png
734,Yungoos,Normal,,7.0,255,yungoos.png
735,Gumshoos,Normal,,7.0,127,gumshoos.png
736,Grubbin,Bug,,7.0,255,grubbin.png
737,Charjabug,Bug,Electric,7.0,120,charjabug.png
738,Vikavolt,Bug,Electric,7.0,45,vikavolt.png
739,Crabrawler,Fighting,,7.0,225,crabrawler.png
740,Crabominable,Fighting,Ice,7.0,60,crabominable.png
742,Cutiefly,Bug,Fairy,7.0,190,cutiefly.png
743,Ribombee,Bug,Fairy,7.0,75,ribombee.png
744,Rockruff,Rock,,7.0,190,rockruff.png
747,Mareanie,Poison,Water,7.0,190,mareanie.png
748,Toxapex,Poison,Water,7.0,75,toxapex.png
749,Mudbray,Ground,,7.0,190,mudbray.png
750,Mudsdale,Ground,,7.0,60,mudsdale.png
751,Dewpider,Water,Bug,7.0,200,dewpider.png
752,Araquanid,Water,Bug,7.0,100,araquanid.png
753,Fomantis,Grass,,7.0,190,fomantis.png
754,Lurantis,Grass,,7.0,75,lurantis.png
755,Morelull,Grass,Fairy,7.0,190,morelull.png
756,Shiinotic,Grass,Fairy,7.0,75,shiinotic.png
757,Salandit,Poison,Fire,7.0,120,salandit.png
758,Salazzle,Poison,Fire,7.0,45,salazzle.png
759,Stufful,Normal,Fighting,7.0,140,stufful.png
760,Bewear,Normal,Fighting,7.0,70,bewear.png
761,Bounsweet,Grass,,7.0,235,bounsweet.png
762,Steenee,Grass,,7.0,120,steenee.png
763,Tsareena,Grass,,7.0,45,tsareena.png
764,Comfey,Fairy,,7.0,60,comfey.png
765,Oranguru,Normal,Psychic,7.0,45,oranguru.png
766,Passimian,Fighting,,7.0,45,passimian.png
767,Wimpod,Bug,Water,7.0,90,wimpod.png
768,Golisopod,Bug,Water,7.0,45,golisopod.png
769,Sandygast,Ghost,Ground,7.0,140,sandygast.png
770,Palossand,Ghost,Ground,7.0,60,palossand.png
771,Pyukumuku,Water,,7.0,60,pyukumuku.png
772,Type: Null,Normal,,7.0,3,typenull.png
773,Silvally,Normal,,7.0,3,silvally.png
775,Komala,Normal,,7.0,45,komala.png
776,Turtonator,Fire,Dragon,7.0,70,turtonator.png
777,Togedemaru,Electric,Steel,7.0,180,togedemaru.png
778,Mimikyu,Ghost,Fairy,7.0,45,mimikyu.png
779,Bruxish,Water,Psychic,7.0,80,bruxish.png
780,Drampa,Normal,Dragon,7.0,70,drampa.png
781,Dhelmise,Ghost,Grass,7.0,25,dhelmise.png
782,Jangmo-o,Dragon,,7.0,45,jangmoo.png
783,Hakamo-o,Dragon,Fighting,7.0,45,hakamoo.png
784,Kommo-o,Dragon,Fighting,7.0,45,kommoo.png
785,Tapu Koko,Electric,Fairy,7.0,3,tapukoko.png
786,Tapu Lele,Psychic,Fairy,7.0,3,tapulele.png
787,Tapu Bulu,Grass,Fairy,7.0,3,tapubulu.png
788,Tapu Fini,Water,Fairy,7.0,3,tapufini.png
789,Cosmog,Psychic,,7.0,45,cosmog.png
790,Cosmoem,Psychic,,7.0,45,cosmoem.png
791,Solgaleo,Psychic,Steel,7.0,45,solgaleo.png
792,Lunala,Psychic,Ghost,7.0,45,lunala.png
793,Nihilego,Rock,Poison,7.0,45,nihilego.png
794,Buzzwole,Bug,Fighting,7.0,45,buzzwole.png
795,Pheromosa,Bug,Fighting,7.0,45,pheromosa.png
796,Xurkitree,Electric,,7.0,45,xurkitree.png
797,Celesteela,Steel,Flying,7.0,45,celesteela.png
798,Kartana,Grass,Steel,7.0,45,kartana.png
799,Guzzlord,Dark,Dragon,7.0,45,guzzlord.png
800,Necrozma,Psychic,,7.0,255,necrozma.png
801,Magearna,Steel,Fairy,7.0,3,magearna.png
802,Marshadow,Fighting,Ghost,7.0,3,marshadow.png
803,Poipole,Poison,,7.0,45,poipole.png
804,Naganadel,Poison,Dragon,7.0,45,naganadel.png
805,Stakataka,Rock,Steel,7.0,30,stakataka.png
806,Blacephalon,Fire,Ghost,7.0,30,blacephalon.png
807,Zeraora,Electric,,7.0,3,zeraora.png
808,Meltan,Steel,,7.0,3,meltan.png
809,Melmetal,Steel,,7.0,3,melmetal.png
